word,pos,definition,section
aboveboard,adjective,open and honest,basic
abysmal,adjective,extremely bad,basic
acme,noun,the highest point of achievement,basic
advocate,verb,"speak, plead, or argue in favor of",basic
advocate,noun,a person who pleads for a cause or propounds an idea,basic
affable,adjective,likeable; easy to talk to,basic
affluent,adjective,wealthy,basic
altruism,noun,the quality of unselfish concern for the welfare of others,basic
amiable,adjective,friendly,basic
amply,adverb,more than is adequate,basic
amuck,adverb,in a frenzied or uncontrolled state,basic
analogous,adjective,similar in some respects but otherwise different,basic
animosity,noun,intense hostility,basic
antedated,verb,precede in time,basic
antiquated,adjective,old-fashioned; belonging to an earlier period in time,basic
apex,noun,the highest point,basic
aphorism,noun,a short instructive saying about a general truth,basic
aphoristic,adjective,something that is a concise and instructive of a general truth or principle,basic
appreciable,adjective,large enough to be noticed (usu. refers to an amount),basic
apprehension,noun,fearful expectation,basic
archaic,adjective,so old as to appear to belong to a different period,basic
ascendancy,noun,the state that exists when one person or group has power over another,basic
ascribe,verb,attribute or credit to,basic
assail,verb,attack in speech or writing,basic
assuage,verb,make something intense less severe,basic
augment,verb,enlarge or increase; improve,basic
autonomously,adverb,In an autonomous or self-governing manner. Many of the factory workers are worried about being replaced by machines and computers that will work completely autonomously.,basic
avarice,noun,greed (one of the seven deadly sins),basic
avert,verb,turn away,basic
avert,verb,ward off or prevent,basic
avid,adjective,marked by active interest and enthusiasm,basic
badger,verb,to pester,basic
balk,verb,refuse to comply,basic
banish,verb,"expel from a community, residence, or location; drive away",basic
beatific,adjective,blissfully happy,basic
becoming,adjective,"appropriate, and matches nicely",basic
begrudge,verb,to envy someone for possessing or enjoying something,basic
begrudge,verb,to give reluctantly,basic
behooves,verb,to be one's duty or obligation,basic
belittle,verb,"lessen the importance, dignity, or reputation of",basic
bellicose,adjective,warlike; inclined to quarrel,basic
benign,adjective,kind,basic
benign,adjective,(medicine) not dangerous to health; not recurrent or progressive,basic
besiege,verb,"harass, as with questions or requests; cause to feel distressed or worried",basic
besmirch,verb,damage the good name and reputation of someone,basic
bleak,adjective,having a depressing or gloomy outlook,basic
boon,noun,a desirable state,basic
boon,adjective,very close and convivial,basic
boorish,adjective,ill-mannered and coarse or contemptible in behavior or appearance,basic
brusquely,adverb,"in a blunt, direct manner",basic
buck,verb,resist,basic
buttress,verb,make stronger or defensible,basic
cadaverous,adjective,emaciated; gaunt,basic
candid,adjective,a straightforward and honest look at something,basic
candidness,noun,the quality of being honest and straightforward in attitude and speech,basic
cardinal,adjective,of primary importance; fundamental,basic
carping,adjective,persistently petty and unjustified criticism,basic
catalyst,noun,something that speeds up an event,basic
cavalier,adjective,given to haughty disregard of others,basic
censor,verb,to examine and remove objectionable material,basic
cerebral,adjective,involving intelligence rather than emotions or instinct,basic
champion,verb,protect or fight for as a champion,basic
chauvinist,noun,a person who believes in the superiority of their group,basic
check,verb,to limit (usually modifying the growth of something),basic
check,noun,the condition of being held back or limited,basic
checkered,adjective,one that is marked by disreputable happenings,basic
chivalrous,adjective,being attentive to women like an ideal knight,basic
clemency,noun,leniency and compassion shown toward offenders by a person or agency charged with administering justice,basic
coalesce,verb,fuse or cause to grow together,basic
cogent,adjective,clear and persuasive,basic
cohesive,adjective,"well integrated, forming a united whole",basic
collusion,noun,agreement on a secret plot,basic
colossal,adjective,so great in size or force or extent as to elicit awe,basic
commendable,adjective,worthy of high praise,basic
complacent,adjective,contented to a fault with oneself or one's actions,basic
complementary,adjective,enhancing each other's qualities (for two things or more).,basic
compound,verb,"make more intense, stronger, or more marked",basic
conducive,adjective,making a situation or outcome more likely to happen,basic
conniving,verb,taking part in immoral and unethical plots,basic
consecrate,verb,to make holy or set apart for a high purpose,basic
constraint,noun,something that limits or restricts,basic
consummate,adjective,having or revealing supreme mastery or skill,basic
consummate,verb,to make perfect and complete in every respect,basic
contemptuous,adjective,"scornful, looking down at others with a sneering attitude",basic
contrite,adjective,to be remorseful,basic
conundrum,noun,a difficult problem,basic
convivial,adjective,describing a lively atmosphere,basic
convoluted,adjective,highly complex or intricate,basic
cornucopia,noun,an abundant supply of something good,basic
corroborate,verb,to confirm or lend support to (usually an idea or claim),basic
cosmopolitan,adjective,comprising many cultures; global in reach and outlook,basic
credence,noun,belief in something,basic
creditable,adjective,deserving of praise but not that amazing,basic
credulity,noun,tendency to believe readily,basic
cumbersome,adjective,difficult to handle or use especially because of size or weight,basic
dearth,noun,a lack or shortage,basic
debase,verb,reduce the quality or value of something,basic
debunk,verb,"expose as false ideas and claims, especially while ridiculing",basic
decimation,noun,destroying or killing a large part of the population,basic
degrade,verb,"reduce in worth or character, usually verbally",basic
delegate,verb,give an assignment to (a person),basic
deliberate,verb,think about carefully; weigh the pros and cons of an issue,basic
demean,verb,to insult; to cause someone to lose dignity or respect,basic
demure,adjective,to be modest and shy,basic
deride,verb,treat or speak of with contempt,basic
derisive,adjective,abusing vocally; expressing contempt or ridicule,basic
derogative,adjective,expressed as worthless or in negative terms,basic
desecrate,verb,to willfully violate or destroy a sacred place,basic
destitute,adjective,poor enough to need help from others,basic
destitute,adjective,"completely wanting or lacking (usually ""destitute of"")",basic
deter,verb,turn away from by persuasion,basic
deter,verb,try to prevent; show opposition to,basic
detrimental,adjective,"(sometimes followed by ""to"") causing harm or injury",basic
devolve,verb,pass on or delegate to another,basic
devolve,verb,"grow worse (usually ""devolve into"")",basic
diabolical,adjective,to be extremely wicked like the devil,basic
differentiate,verb,"be a distinctive feature, attribute, or trait (sometimes in positive sense)",basic
differentiate,verb,evolve so as to lead to a new species or develop in a way most suited to the environment,basic
dilapidated,adjective,in terrible condition,basic
diligent,adjective,characterized by care and perseverance in carrying out tasks,basic
discord,noun,lack of agreement or harmony,basic
discreet,adjective,careful to protect one's speech or actions in order to avoid offense or gain an advantage,basic
discriminate,verb,recognize or perceive the difference,basic
disenfranchise,verb,deprive of voting rights,basic
disheartened,adjective,made less hopeful or enthusiastic,basic
disparate,adjective,two things are fundamentally different,basic
dispatch,noun,the property of being prompt and efficient,basic
dispatch,verb,dispose of rapidly and without delay and efficiently,basic
docile,adjective,easily handled or managed; willing to be taught or led or supervised or directed,basic
dog,verb,to pursue relentlessly; to hound,basic
dupe,verb,to trick or swindle,basic
dupe,noun,a person who is easily tricked or swindled,basic
eccentric,adjective,highly unconventional or usual (usually describes a person),basic
egotist,noun,a conceited and self-centered person,basic
eke,verb,"To live off meager resources, to scrape by",basic
elaborate,adjective,marked by complexity and richness of detail,basic
elaborate,verb,explain in more detail,basic
elude,verb,escape understanding,basic
elusive,adjective,difficult to capture or difficult to remember,basic
embellish,verb,"make more attractive by adding ornament, colour, etc.; make more beautiful",basic
embroiled,adjective,involved in argument or contention,basic
empathetic,adjective,showing understanding and ready comprehension of other peoples' states and emotions,basic
emulate,verb,"strive to equal or match, especially by imitating; compete with successfully",basic
endemic,adjective,native; originating where it is found,basic
enmity,noun,a state of deep-seated ill-will,basic
entice,verb,get someone to do something through (often false or exaggerated) promises,basic
enumerate,verb,determine the number or amount of,basic
enumerate,verb,"specify individually, one by one",basic
err,verb,to make an error,basic
errant,adjective,to be wandering; not sticking to a circumscribed path,basic
erratic,adjective,unpredictable; strange and unconventional,basic
euphoria,noun,a feeling of great (usually exaggerated) elation,basic
evasive,adjective,avoiding or escaping from difficulty or danger or commitment,basic
evasive,adjective,deliberately vague or ambiguous,basic
evenhanded,adjective,without partiality,basic
exasperate,verb,to irritate intensely,basic
excruciating,adjective,extremely painful,basic
exemplify,verb,be characteristic of,basic
exemplify,verb,clarify by giving an example of,basic
exhort,verb,to strongly urge on; encourage,basic
extenuating,adjective,making less guilty or more forgivable,basic
facetious,adjective,cleverly amusing in tone,basic
fawn,verb,try to gain favor by extreme flattery,basic
ferret,verb,to search for something persistently,basic
fete,verb,to celebrate a person,basic
fickle,adjective,"liable to sudden unpredictable change, esp. in affections or attachments",basic
finagle,verb,achieve something by means of trickery or devious methods,basic
fledgling,adjective,young and inexperienced; describing any new participant in some activity,basic
fleece,verb,to deceive,basic
flounder,verb,behave awkwardly; have difficulties,basic
flush,adjective,to be in abundance,basic
foible,noun,a behavioral attribute that is distinctive and peculiar to an individual,basic
foolhardy,adjective,marked by defiant disregard for danger or consequences,basic
forthright,adjective,characterized by directness in manner or speech; without subtlety or evasion,basic
futile,adjective,producing no result or effect; unproductive of success,basic
genial,adjective,"agreeable, conducive to comfort",basic
genteel,adjective,marked by refinement in taste and manners,basic
glean,verb,collect information bit by bit,basic
glib,adjective,(of a person) speaking with ease but without sincerity,basic
goad,verb,urge on with unpleasant comments,basic
grovel,verb,show submission or fear,basic
guffaw,verb,laugh boisterously,basic
hamper,verb,prevent the progress or free movement of,basic
hamstrung,verb,made ineffective or powerless,basic
heyday,noun,the pinnacle or top of a time period or career,basic
hodgepodge,noun,a confusing mixture or jumble,basic
hound,verb,to pursue relentlessly,basic
humdrum,adjective,dull and lacking excitement,basic
illicit,adjective,contrary to or forbidden by law,basic
immaterial,adjective,not relevant,basic
impeccable,adjective,without fault or error,basic
impede,verb,be a hindrance or obstacle to,basic
impending,adjective,close in time; about to occur,basic
impermeable,adjective,does not allow fluids to pass through,basic
implicate,verb,convey a meaning; imply,basic
implicate,verb,"to indicate in wrongdoing, usually a crime",basic
imponderable,adjective,impossible to estimate or figure out,basic
impregnable,adjective,immune to attack; incapable of being tampered with,basic
inadvertent,adjective,happening by chance or unexpectedly or unintentionally,basic
inarticulate,adjective,without or deprived of the use of speech or words,basic
incense,verb,make furious,basic
incessant,adjective,uninterrupted in time and indefinitely long continuing,basic
inclement,adjective,"(of weather) unpleasant, stormy",basic
inclement,adjective,used of persons or behavior; showing no mercy,basic
incumbent,adjective,necessary (for someone) as a duty or responsibility,basic
indict,verb,to formally charge or accuse of wrong-doing,basic
indigenous,adjective,originating in a certain area,basic
indignant,adjective,feeling anger over a perceived injustice,basic
industrious,adjective,characterized by hard work and perseverance,basic
inflammable,adjective,"extremely controversial, incendiary",basic
ingenuity,noun,the power of creative imagination,basic
inkling,noun,a slight suggestion or vague understanding,basic
insipid,adjective,dull and uninteresting,basic
insolvent,adjective,unable to pay one's bills; bankrupt,basic
intermittent,adjective,stopping and starting at irregular intervals,basic
inundate,verb,to flood or overwhelm,basic
irascible,adjective,quickly aroused to anger,basic
irk,verb,irritate or vex,basic
irresolute,adjective,uncertain how to act or proceed,basic
jargon,noun,a characteristic language of a particular group,basic
jocular,adjective,characterized by jokes and good humor,basic
junta,noun,an aggressive takeover by a group (usually military),basic
laborious,adjective,characterized by effort to the point of exhaustion; especially physical effort,basic
leery,adjective,openly distrustful and unwilling to confide,basic
lethargic,adjective,lacking energy,basic
lucid,adjective,(of language) transparently clear; easily understandable,basic
macabre,adjective,suggesting the horror of death and decay; gruesome,basic
malady,noun,a disease or sickness,basic
malevolent,adjective,wishing or appearing to wish evil to others; arising from intense ill will or hatred,basic
malleable,adjective,capable of being shaped or bent or drawn out,basic
malleable,adjective,easily influenced,basic
malodorous,adjective,having an unpleasant smell,basic
martial,adjective,suggesting war or military life,basic
maxim,noun,a short saying expressing a general truth,basic
meander,verb,to wander aimlessly,basic
melancholy,noun,"a deep, long-lasting sadness",basic
melee,noun,"a wild, confusing fight or struggle",basic
mesmerize,verb,to spellbind or enthrall,basic
misanthrope,noun,a hater of mankind,basic
miscreant,noun,a person who breaks the law,basic
miser,noun,a person who doesn't like to spend money (because they are greedy),basic
misogynist,noun,a person who dislikes women in particular,basic
moment,noun,significant and important value,basic
moot,adjective,open to argument or debate; undecidable in a meaningless or irrelevant way,basic
morose,adjective,ill-tempered and not inclined to talk; gloomy,basic
morph,verb,To undergo dramatic change in a seamless and barely noticeable fashion. The earnestness of the daytime talk shows of the 1970's has morphed into something far more sensational and vulgar: today guests actually standup and threaten to take swings at one another.,basic
muted,adjective,"softened, subdued",basic
obdurate,adjective,stubbornly persistent in changing an opinion or action,basic
obliging,adjective,showing a cheerful willingness to do favors for others,basic
obstinate,adjective,resistant to guidance or discipline; stubbornly persistent,basic
ornate,adjective,marked by elaborate rhetoric and elaborated with decorative details,basic
paradoxical,adjective,seemingly contradictory but nonetheless possibly true,basic
pastoral,adjective,relating to the countryside in a pleasant sense,basic
patronize,verb,treat condescendingly,basic
paucity,noun,a lack of something,basic
peevish,adjective,easily irritated or annoyed,basic
perennial,adjective,lasting an indefinitely long time; eternal; everlasting,basic
perpetuate,verb,cause to continue,basic
perquisite,noun,a right reserved exclusively by a particular person or group (especially a hereditary or official right),basic
pertinent,adjective,having precise or logical relevance to the matter at hand,basic
perturb,verb,disturb in mind or cause to be worried or alarmed,basic
peruse,verb,to read very carefully,basic
pine,verb,to yearn for,basic
pinnacle,noun,the highest point,basic
piquant,adjective,having an agreeably pungent taste,basic
pithy,adjective,concise and full of meaning,basic
pittance,noun,a small amount (of money),basic
placid,adjective,not easily irritated,basic
plodding,adjective,(of movement) slow and laborious,basic
ploy,noun,a clever plan to turn a situation to one's advantage,basic
powwow,noun,an informal meeting or discussion,basic
precarious,adjective,fraught with danger,basic
precedent,noun,an example that is used to justify similar occurrences at a later time,basic
preempt,verb,take the place of or have precedence over,basic
preemptive,adjective,done before someone else can do it,basic
presumption,noun,an assumption that is taken for granted,basic
presumption,noun,audacious (even arrogant) behavior that you have no right to,basic
presumptuous,adjective,excessively forward,basic
prevail,verb,be widespread in a particular area at a particular time; be current:,basic
prevail,verb,prove superior,basic
pristine,adjective,"Unspoiled, untouched (usu. of nature) The glacial lake was pristine and we filled our canteens to drink deeply.",basic
pristine,adjective,"Immaculately clean and unused Drill sergeants are known for demanding pristine cabinets, uniforms, and beds, and often make new recruits clean and clean and clean until they meet the expected high standards.",basic
profuse,adjective,plentiful; pouring out in abundance,basic
profusion,noun,the property of being extremely abundant,basic
proponent,noun,a person who pleads for a cause or propounds an idea,basic
provisional,adjective,under terms not final or fully worked out or agreed upon,basic
pugnacious,adjective,eager to fight or argue; verbally combative,basic
qualm,noun,uneasiness about the fitness of an action,basic
quandary,noun,state of uncertainty or perplexity especially as requiring a choice between equally unfavorable options,basic
quip,noun,a witty saying or remark,basic
raffish,adjective,marked by a carefree unconventionality or disreputableness,basic
raft,noun,a large number of something,basic
rakish,adjective,marked by a carefree unconventionality or disreputableness,basic
rankle,verb,gnaw into; make resentful or angry,basic
rash,adjective,marked by defiant disregard for danger or consequences; imprudently incurring risk,basic
redress,noun,an act of making something right,basic
relegate,verb,assign to a lower position,basic
remiss,adjective,to be negligent in one's duty,basic
renege,verb,fail to fulfill a promise or obligation,basic
replete,adjective,completely stocked or furnished with something,basic
reprobate,noun,a person who is disapproved of,basic
reservation,noun,an unstated doubt that prevents you from accepting something wholeheartedly,basic
resignation,noun,the acceptance of something unpleasant that can't be avoided,basic
resolve,verb,reach a conclusion after a discussion or deliberation,basic
respite,noun,a pause from doing something (as work),basic
retiring,adjective,"to be shy, and to be inclined to retract from company",basic
retract,verb,"pull inward or towards a center; formally reject or disavow a formerly held belief, usually under pressure",basic
rile,verb,"cause annoyance in; disturb, especially by minor irritations",basic
robust,adjective,"sturdy and strong in form, constitution, or construction",basic
sanctimonious,adjective,making a show of being pious; holier-than-thou,basic
sanguine,adjective,cheerful; optimistic,basic
savvy,noun,a perceptive understanding,basic
savvy,verb,get the meaning of something,basic
savvy,adjective,well-informed or perceptive,basic
scintillating,adjective,describes someone who is brilliant and lively,basic
screed,noun,an abusive rant (often tedious),basic
sentimental,adjective,"effusively or insincerely emotional, especially in art, music, and literature",basic
serendipity,noun,"the instance in which an accidental, fortunate discovery is made",basic
serene,adjective,calm and peaceful,basic
slapdash,adjective,carelessly and hastily put together,basic
smattering,noun,a slight or superficial understanding of a subject; a small amount of something,basic
smug,adjective,marked by excessive complacency or self-satisfaction,basic
snide,adjective,expressive of contempt; derogatory or mocking in an indirect way,basic
snub,verb,refuse to acknowledge; reject outright and bluntly,basic
sordid,adjective,involving ignoble actions and motives; arousing moral distaste and contempt; foul and run-down and repulsive,basic
spendthrift,noun,one who spends money extravagantly,basic
spurn,verb,reject with contempt,basic
squander,verb,"spend thoughtlessly; waste time, money, or an opportunity",basic
staid,adjective,characterized by dignity and propriety,basic
start,verb,to suddenly move in a particular direction,basic
steadfast,adjective,marked by firm determination or resolution; not shakable,basic
stem,verb,to hold back or limit the flow or growth of something,basic
stipend,noun,a regular allowance (of money),basic
stolid,adjective,having or revealing little emotion or sensibility; not easily aroused or excited,basic
stymie,verb,hinder or prevent the progress or accomplishment of,basic
summit,noun,the peak or highest point,basic
summit,noun,a meeting of high-level leaders,basic
surly,adjective,inclined to anger or bad feelings with overtones of menace,basic
tact,noun,consideration in dealing with others and avoiding giving offense,basic
tarnish,verb,"make dirty or spotty, as by exposure to air; also used metaphorically",basic
tawdry,adjective,tastelessly showy; cheap and shoddy,basic
taxing,adjective,use to the limit; exhaust,basic
telling,adjective,significant and revealing of another factor,basic
telltale,adjective,revealing,basic
tender,verb,offer up something formally,basic
thoroughgoing,adjective,very thorough; complete,basic
thrifty,adjective,spending money wisely,basic
thwart,verb,"hinder or prevent (the efforts, plans, or desires) of",basic
tirade,noun,an angry speech,basic
tout,verb,advertize in strongly positive terms; show off,basic
transitory,adjective,lasting a very short time,basic
travail,noun,use of physical or mental energy; hard work; agony or anguish,basic
tribulation,noun,"something, especially an event, that causes difficulty and suffering",basic
tumult,noun,"a state of chaos, noise and confusion",basic
uncanny,adjective,suggesting the operation of supernatural influences; surpassing the ordinary or normal,basic
uncompromising,adjective,not making concessions,basic
unconscionable,adjective,unreasonable; unscrupulous; excessive,basic
underwrite,verb,to support financially,basic
unnerve,verb,to make nervous or upset,basic
unprecedented,adjective,having never been done or known before; novel,basic
unruly,adjective,(of persons) noisy and lacking in restraint or discipline; unwilling to submit to authority,basic
unseemly,adjective,not in keeping with accepted standards of what is right or proper in polite society,basic
urbane,adjective,showing a high degree of refinement and the assurance that comes from wide social experience,basic
vacuous,adjective,"devoid of intelligence, matter, or significance",basic
vanquish,verb,"come out better in a competition, race, or conflict",basic
variance,noun,the quality of varying,basic
veneer,noun,covering consisting of a thin superficial layer that hides the underlying substance,basic
vicarious,adjective,felt or undergone as if one were taking part in the experience or feelings of another,basic
vie,verb,compete for something,basic
vindictive,adjective,to have a very strong desire for revenge,basic
virago,noun,an ill-tempered or violent woman,basic
voracious,adjective,very hungry; approaching an activity with gusto,basic
wanton,adjective,"without check or limitation; showing no moral restraints to one's anger, desire, or appetites",basic
wax,verb,to gradually increase in size or intensity,basic
whimsical,adjective,determined by impulse or whim rather than by necessity or reason,basic
zenith,noun,the highest point; culmination,basic
abjure,verb,formally reject or give up (as a belief),advanced
abrogate,verb,revoke formally,advanced
adjudicate,verb,to serve as a judge in a competition; to arrive at a judgment or conclusion,advanced
afford,verb,provide with an opportunity,advanced
alacrity,noun,an eager willingness to do something,advanced
anachronism,noun,something that is inappropriate for the given time period (usually something old).,advanced
anathema,noun,a detested person; the source of somebody's hate,advanced
anemic,adjective,lacking energy and vigor,advanced
anodyne,noun,something that soothes or relieves pain,advanced
anodyne,adjective,inoffensive,advanced
antic,adjective,ludicrously odd,advanced
aplomb,noun,great coolness and composure under strain,advanced
apogee,noun,the highest point,advanced
apostate,noun,a person who has abandoned a religious faith or cause,advanced
apothegm,noun,"a short, pithy instructive saying",advanced
apotheosis,noun,exaltation to divine status; the highest point of development,advanced
approbatory,adjective,expressing praise or approval,advanced
appropriate,verb,to give or take something by force,advanced
appropriate,verb,to allocate,advanced
appurtenant,adjective,supply added support,advanced
arch,adjective,to be deliberately teasing,advanced
arrant,adjective,complete and wholly (usually modifying a noun with negative connotation),advanced
arriviste,noun,a person who has recently reached a position of power; a social climber,advanced
arrogate,verb,seize and control without authority,advanced
artifice,noun,cunning tricks used to deceive others,advanced
artless,adjective,without cunning or deceit,advanced
artlessness,noun,the quality of innocence,advanced
asperity,noun,harshness of manner,advanced
assiduously,adverb,with care and persistence,advanced
atavism,noun,a reappearance of an earlier characteristic; throwback,advanced
attenuate,verb,to weaken (in terms of intensity); to taper off/become thinner.,advanced
autocratic,adjective,characteristic of an absolute ruler or absolute rule; having absolute sovereignty,advanced
autocratic,adjective,offensively self-assured or given to exercising usually unwarranted power,advanced
baleful,adjective,threatening or foreshadowing evil or tragic developments,advanced
base,adjective,"the lowest, class were without any moral principles",advanced
bastardization,noun,an act that debases or corrupts,advanced
beg,verb,to evade or dodge (a question),advanced
bemoan,verb,express discontent or a stong regret,advanced
benighted,adjective,fallen into a state of ignorance,advanced
bereft,adjective,unhappy in love; suffering from unrequited love,advanced
bereft,adjective,sorrowful through loss or deprivation,advanced
besotted,adjective,strongly affectionate towards,advanced
besotted,adjective,very drunk,advanced
bilious,adjective,irritable; always angry,advanced
blinkered,adjective,to have a limited outlook or understanding,advanced
bowdlerize,verb,edit by omitting or modifying parts considered indelicate,advanced
bridle,verb,the act of restraining power or action or limiting excess,advanced
bridle,verb,anger or take offense,advanced
bristle,verb,react in an offended or angry manner,advanced
broadside,noun,a strong verbal attack,advanced
bromide,noun,a trite or obvious remark,advanced
brook,verb,put up with something or somebody unpleasant,advanced
browbeat,verb,be bossy towards; discourage or frighten with threats or a domineering manner,advanced
byzantine,adjective,intricate and complex,advanced
callow,adjective,young and inexperienced,advanced
canard,noun,a deliberately misleading fabrication,advanced
capitulate,noun,to surrender (usually under agreed conditions),advanced
cataclysm,noun,an event resulting in great loss and misfortune,advanced
catholic,adjective,of broad scope; universal,advanced
cede,verb,relinquish possession or control over,advanced
celerity,noun,"speed, rapidity",advanced
chagrin,noun,strong feelings of embarrassment,advanced
chagrin,verb,cause to feel shame; hurt the pride of,advanced
charlatan,noun,a flamboyant deceiver; one who attracts customers with tricks or jokes,advanced
chary,adjective,cautious,advanced
chauvinism,noun,fanatical patriotism; belief that one's group/cause is superior to all other groups/causes,advanced
chimera,noun,something desired or wished for but is only an illusion and impossible to achieve,advanced
choleric,adjective,prone to outbursts of temper; easily angered,advanced
churlish,adjective,lacking manners or refinement,advanced
complaisant,adjective,showing a cheerful willingness to do favors for others,advanced
complicit,adjective,"Associated with or participating in an activity, especially one of a questionable nature. While the grand jury cleared the senator of all criminal charges, in the public mind he was still complicit in the corruption.",advanced
conciliate,verb,to make peace with,advanced
concomitant,adjective,describing an event or situation that happens at the same time as or in connection with another,advanced
conflagration,noun,a very intense and uncontrolled fire,advanced
conflate,verb,mix together different elements or concepts,advanced
contentious,adjective,likely to argue,advanced
corollary,noun,a practical consequence that follows naturally,advanced
cosseted,verb,treat with excessive indulgence,advanced
coterminous,adjective,being of equal extent or scope or duration,advanced
countermand,verb,a contrary command cancelling or reversing a previous command,advanced
cow,verb,to intimidate,advanced
crestfallen,adjective,brought low in spirit,advanced
crystallize,verb,cause to take on a definite and clear shape,advanced
cupidity,noun,greed for money,advanced
curmudgeon,noun,"a grouchy, surly person",advanced
debonair,adjective,having a sophisticated charm,advanced
decry,verb,express strong disapproval of,advanced
defray,verb,"to help pay the cost of, either in part of full",advanced
deign,verb,do something that one considers to be below one's dignity,advanced
demonstrative,adjective,given to or marked by the open expression of emotion,advanced
denouement,noun,the final resolution of the many strands of a literary or dramatic work; the outcome of a complex sequence of events,advanced
derelict,adjective,(of a person) not doing one's duties,advanced
derelict,noun,(of a building) abandoned,advanced
desiccated,adjective,"uninteresting, lacking vitality",advanced
desideratum,noun,something desired as a necessity,advanced
despot,noun,a cruel and oppressive dictator,advanced
diatribe,noun,a strong verbal attack against a person or institution,advanced
diminutive,noun,to indicate smallness,advanced
diminutive,adjective,very small,advanced
disabuse,verb,to persuade somebody that his/her belief is not valid,advanced
discursive,adjective,(of e.g. speech and writing) tending to depart from the main point,advanced
disingenuous,adjective,not straightforward; giving a false appearance of frankness,advanced
dispensation,noun,an exemption from a rule or obligation,advanced
dissemble,verb,"conceal one's true motives, usually through deceit",advanced
dissipate,verb,squander or spend money frivolously,advanced
dissipate,verb,to disperse or scatter,advanced
dissolution,noun,a living full of debauchery and indulgence in sensual pleasure,advanced
doleful,adjective,filled with or evoking sadness,advanced
dolorous,adjective,showing sorrow,advanced
doughty,adjective,brave; bold; courageous,advanced
dovetail,verb,"fit together tightly, as if by means of a interlocking joint",advanced
duplicity,noun,"deceitfulness, pretending to want one thing but interested in something else",advanced
ebullient,adjective,joyously unrestrained,advanced
effervescent,adjective,marked by high spirits or excitement,advanced
effrontery,noun,audacious (even arrogant) behavior that you have no right to,advanced
elegiac,adjective,expressing sorrow,advanced
embryonic,adjective,in an early stage of development,advanced
empiricism,noun,"any method that derives knowledge from experience, used in experimental science as a way to gain insight and knowledge",advanced
enamor,verb,attraction or feeling of love,advanced
encumber,verb,hold back,advanced
enjoin,verb,give instructions to or direct somebody to do something with authority,advanced
enormity,noun,an act of extreme wickedness,advanced
enthrall,verb,hold spellbound,advanced
epigram,noun,a witty saying,advanced
epiphany,noun,a sudden revelation or moment of insight,advanced
eponym,noun,the name derived from a person (real or imaginary); the person for whom something is named,advanced
equitable,adjective,fair to all parties as dictated by reason and conscience,advanced
equivocate,verb,"to speak vaguely, usually with the intention to mislead or deceive",advanced
ersatz,adjective,not real or genuine; phony,advanced
estimable,adjective,deserving of esteem and respect,advanced
ethereal,adjective,characterized by lightness and insubstantiality,advanced
evanescent,adjective,tending to vanish like vapor,advanced
excoriate,verb,to criticize very harshly,advanced
execrate,verb,to curse and hiss at,advanced
exegesis,noun,"critical explanation or analysis, especially of a text",advanced
exemplar,noun,something to be imitated,advanced
exiguity,noun,the quality of being meager,advanced
exorbitant,adjective,greatly exceeding bounds of reason or moderation,advanced
expansive,adjective,"communicative, and prone to talking in a sociable manner",advanced
expunge,verb,to eliminate completely,advanced
expurgate,verb,to remove objectionable material,advanced
extrapolate,verb,draw from specific cases for more general cases,advanced
facile,adjective,arrived at without due care or effort; lacking depth,advanced
factious,adjective,"produced by, or characterized by internal dissension",advanced
factitious,adjective,artificial; not natural,advanced
feckless,adjective,lazy and irresponsible,advanced
fecund,adjective,intellectually productive,advanced
fell,adjective,terribly evil,advanced
firebrand,noun,someone who deliberately creates trouble,advanced
flag,verb,"droop, sink, or settle from or as if from pressure or loss of tautness; become less intense",advanced
flippant,adjective,showing inappropriate levity,advanced
flummox,verb,be a mystery or bewildering to,advanced
fractious,adjective,irritable and is likely to cause disruption,advanced
gaffe,noun,a socially awkward or tactless act,advanced
gambit,noun,"a manuveur or risk in a game or conversation, designed to secure an advantage",advanced
gerrymander,verb,to manipulate voting districts in order to favor a particular political party,advanced
graft,noun,"corruption, usually through bribery",advanced
grandiloquent,adjective,puffed up with vanity,advanced
gumption,noun,resourcefulness and determination,advanced
hagiographic,adjective,excessively flattering toward someone's life or work,advanced
hail,verb,enthusiastically acclaim or celebrate something,advanced
halcyon,adjective,idyllically calm and peaceful; suggesting happy tranquillity; marked by peace and prosperity,advanced
hauteur,noun,overbearing pride evidenced by a superior manner toward inferiors,advanced
hector,verb,to bully or intimidate,advanced
hedge,verb,to limit or qualify a statement; to avoid making a direct statement,advanced
histrionic,adjective,to be overly theatrical,advanced
hoary,adjective,ancient,advanced
hobble,verb,to hold back the progress of something,advanced
hoodwink,verb,to deceive or trick someone,advanced
hubris,noun,overbearing pride or presumption,advanced
illustrious,adjective,widely known and esteemed; having or conferring glory,advanced
imbibe,verb,to drink or absorb as if drinking,advanced
imbroglio,noun,a confusing and potentially embarrassing situation,advanced
immure,verb,"to enclose, usually in walls",advanced
impecunious,adjective,lacking money; poor,advanced
imperious,adjective,having or showing arrogant superiority to and disdain of those one views as unworthy,advanced
impervious,adjective,not admitting of passage or capable of being affected,advanced
impetuous,adjective,characterized by undue haste and lack of thought or deliberation,advanced
importuned,verb,beg persistently and urgently,advanced
improvident,adjective,not given careful consideration,advanced
impugn,verb,attack as false or wrong,advanced
impute,verb,attribute (responsibility or fault) to something,advanced
inanity,noun,total lack of meaning or ideas,advanced
inchoate,adjective,only partly in existence; imperfectly formed,advanced
incontrovertible,adjective,necessarily or demonstrably true; impossible to deny or disprove,advanced
indigent,adjective,poor; having very little,advanced
indigent,noun,a poor or needy person,advanced
ineffable,adjective,too sacred to be uttered; defying expression or description,advanced
ineluctable,adjective,impossible to avoid or evade:,advanced
inequity,noun,injustice by virtue of not conforming with rules or standards,advanced
infelicitous,adjective,inappropriate,advanced
inimitable,adjective,defying imitation; matchless,advanced
insouciance,noun,lack of concern,advanced
insufferable,adjective,"intolerable, difficult to endure",advanced
internecine,adjective,(of conflict) within a group or organization,advanced
intimation,noun,an indirect suggestion,advanced
inure,verb,to make accustomed to something unpleasant,advanced
invective,noun,abusive or denunciatory language,advanced
invidious,adjective,likely to cause resentment,advanced
inviolable,adjective,"never to be broken, infringed, or dishonored",advanced
inviolate,adjective,must be kept sacred,advanced
irrefutable,adjective,impossible to deny or disprove,advanced
jaundice,adjective,to be biased against due to envy or prejudice,advanced
jejune,adjective,dull; lacking flavor,advanced
jejune,adjective,immature; childish,advanced
jingoist,noun,a person who thinks that their country should be at war,advanced
juggernaut,noun,a force that cannot be stopped,advanced
kowtow,verb,to bow or act in a subservient manner,advanced
lacerate,verb,deeply hurt the feelings of; distress,advanced
lachrymose,adjective,showing sorrow,advanced
lampoon,verb,ridicule with satire,advanced
languish,verb,become feeble,advanced
lascivious,adjective,lecherous; sexually perverted,advanced
limpid,adjective,clarity in terms of expression,advanced
litany,noun,any long and tedious account of something,advanced
loath,adjective,unwillingness to do something contrary to your custom (usually followed by 'to'),advanced
lugubrious,adjective,excessively mournful,advanced
machinate,verb,"engage in plotting or enter into a conspiracy, swear together",advanced
magisterial,adjective,offensively self-assured or given to exercising unwarranted power,advanced
malapropism,noun,the confusion of a word with another word that sounds similar,advanced
malfeasance,adjective,misconduct or wrongdoing (especially by a public official),advanced
malingerer,noun,someone shirking their duty by pretending to be sick or incapacitated,advanced
martinet,noun,a strict disciplinarian,advanced
maudlin,adjective,overly emotional and sad,advanced
maunder,verb,wander aimlessly,advanced
maunder,verb,speak (about unimportant matters) rapidly and incessantly,advanced
mellifluous,adjective,smooth and sweet-sounding,advanced
mendicant,noun,a pauper who lives by begging,advanced
meteoric,adjective,like a meteor in speed or brilliance or transience,advanced
mettlesome,adjective,filled with courage or valor,advanced
misattribute,verb,"To erroneously attribute; to falsely ascribe; used especially of authorship. I made a mistake; I misattributed ""Crime and Punishment"" to Leo Tolstoy when it was actually written by Fyodor Dostoyevsky.",advanced
modicum,noun,a small or moderate or token amount,advanced
mordant,adjective,"biting and caustic in thought, manner, or style",advanced
moribund,adjective,being on the point of death; declining rapidly losing all momentum in progress,advanced
mulct,verb,to defraud or swindle,advanced
nadir,noun,the lowest point,advanced
nettlesome,adjective,causing irritation or annoyance,advanced
noisome,adjective,having an extremely bad smell,advanced
nonchalant,adjective,coming across as cooly uninterested,advanced
objurgate,verb,express strong disapproval of,advanced
oblique,adjective,not straightforward; indirect,advanced
obstreperous,adjective,noisily and stubbornly defiant; willfully difficult to control,advanced
obtain,adjective,"be valid, applicable, or true",advanced
obtuse,adjective,slow to learn or understand; lacking intellectual acuity; lacking in insight or discernment,advanced
officious,adjective,intrusive in a meddling or offensive manner,advanced
ossify,verb,make rigid and set into a conventional pattern,advanced
overweening,adjective,arrogant; presumptuous,advanced
palatable,adjective,acceptable to the taste or mind,advanced
palaver,verb,speak (about unimportant matters) rapidly and incessantly,advanced
palimpsest,noun,something that has been changed numerous times but on which traces of former iterations can still be seen,advanced
panacea,noun,hypothetical remedy for all ills or diseases; a universal solution,advanced
panegyric,noun,a formal expression of praise,advanced
paragon,noun,model of excellence or perfection of a kind; one having no equal,advanced
paragon,noun,an ideal instance; a perfect embodiment of a concept,advanced
pariah,noun,an outcast,advanced
parvenu,noun,"a person who has suddenly become wealthy, but not socially accepted as part of a higher class",advanced
patent,adjective,glaringly obvious,advanced
pecuniary,adjective,relating to or involving money,advanced
pellucid,adjective,transparently clear; easily understandable,advanced
penurious,adjective,lacking money; poor,advanced
penurious,adjective,miserly,advanced
percipient,adjective,highly perceptive,advanced
peremptory,adjective,bossy and domineering,advanced
perfunctory,adjective,done routinely and with little interest or care,advanced
peripatetic,adjective,traveling by foot,advanced
perspicacious,adjective,acutely insightful and wise,advanced
phantasmagorical,adjective,illusive; unreal,advanced
philistine,adjective,smug and ignorant towards artistic and cultural values,advanced
phlegmatic,adjective,showing little emotion,advanced
picayune,adjective,trifling or petty (a person),advanced
pillory,verb,ridicule or expose to public scorn,advanced
pith,noun,the most essential part of something,advanced
plucky,adjective,marked by courage and determination,advanced
"Pollyannaish (adjective):,.,extremely optimistic Even in the midst of a lousy sales quarter, Debbie remained Pollyannaish, never losing her shrill voice and wide smile, even when prospective customers hung up on her.","Pollyannaish (adjective):,.,extremely optimistic Even in the midst of a lousy sales quarter, Debbie remained Pollyannaish, never losing her shrill voice and wide smile, even when prospective customers hung up on her.","Pollyannaish (adjective):,.,extremely optimistic Even in the midst of a lousy sales quarter, Debbie remained Pollyannaish, never losing her shrill voice and wide smile, even when prospective customers hung up on her.",advanced
ponderous,adjective,weighed-down; moving slowly,advanced
pontificate,verb,talk in a dogmatic and pompous manner,advanced
portentous,adjective,ominously prophetic,advanced
precipitate,adjective,hasty or rash,advanced
precipitate,verb,to cause to happen,advanced
presentiment,noun,a feeling of evil to come,advanced
primacy,noun,the state of being first in importance,advanced
probity,noun,"integrity, strong moral principles",advanced
prognostication,noun,a statement made about the future,advanced
prolixity,noun,boring verbosity,advanced
promulgate,verb,state or announce,advanced
propitiate,verb,to placate or appease,advanced
prosaic,adjective,dull and lacking imagination,advanced
proscribe,verb,command against,advanced
proselytize,verb,"convert to another religion, philosophy, or perspective",advanced
protean,adjective,readily taking on different roles; versatile,advanced
provident,adjective,careful in regard to your own interests; providing carefully for the future,advanced
puerile,adjective,of or characteristic of a child; displaying or suggesting a lack of maturity,advanced
puissant,adjective,powerful,advanced
punctilious,adjective,marked by precise accordance with details,advanced
pyrrhic,adjective,describing a victory that comes at such a great cost that the victory is not worthwhile,advanced
quail,verb,"draw back, as with fear or pain",advanced
quisling,noun,a traitor,advanced
quixotic,adjective,wildly idealistic; impractical,advanced
raconteur,noun,a person skilled in telling anecdotes,advanced
raillery,noun,light teasing,advanced
rapprochement,noun,the reestablishing of cordial relations,advanced
rarefied,verb,make more subtle or refined,advanced
recapitulation,noun,a summary (think of recap),advanced
recrimination,noun,mutual accusations,advanced
recrudesce,verb,to break out or happen again,advanced
redoubtable,adjective,inspiring fear or awe,advanced
remonstrate,verb,to make objections while pleading,advanced
reprisal,noun,a retaliatory action against an enemy in wartime,advanced
ribald,adjective,humorously vulgar,advanced
row,noun,an angry dispute,advanced
sagacious,adjective,having good judgement and acute insight,advanced
sangfroid,noun,calmness or poise in difficult situations,advanced
sardonic,adjective,disdainfully or ironically humorous; scornful and mocking,advanced
sartorial,adjective,related to fashion or clothes,advanced
saturnine,adjective,morose or gloomy,advanced
schadenfreude,noun,joy from watching the suffering of others,advanced
sedulous,adjective,done diligently and carefully,advanced
"self-effacing (adjective):,reluctant to draw attention to yourself .,The most admirable teachers and respected leaders are those who are self-effacing, directing attention and praise to their students and workers.","self-effacing (adjective):,reluctant to draw attention to yourself .,The most admirable teachers and respected leaders are those who are self-effacing, directing attention and praise to their students and workers.","self-effacing (adjective):,reluctant to draw attention to yourself",advanced
semblance,noun,an outward or token appearance or form that is deliberately misleading,advanced
sententious,adjective,"to be moralizing, usually in a pompous sense",advanced
simulacrum,noun,a representation of a person (especially in the form of sculpture),advanced
simulacrum,noun,a bad imitation,advanced
sinecure,noun,an office that involves minimal duties,advanced
solecism,noun,a socially awkward or tactless act,advanced
solicitous,adjective,showing hovering attentiveness,advanced
solicitude,noun,a feeling of excessive concern,advanced
spartan,adjective,unsparing and uncompromising in discipline or judgment; practicing great self-denial,advanced
splenetic,adjective,very irritable,advanced
squelch,verb,suppress or crush completely,advanced
stalwart,adjective,dependable; inured to fatigue or hardships,advanced
stultify,verb,"cause one, through routine, to lose energy and enthusiasm",advanced
subterfuge,noun,something intended to misrepresent the true nature of an activity,advanced
supercilious,adjective,haughty and disdainful; looking down on others,advanced
surfeit,noun,an excessive amount of something,advanced
surreptitious,adjective,"stealty, taking pains not to be caught or detected",advanced
sybarite,noun,a person who indulges in luxury,advanced
temerity,noun,fearless daring,advanced
tempestuous,adjective,as if driven by turbulent or conflicting emotions; highly energetic and wildly changing or fluctuating,advanced
tendentious,adjective,likely to lean towards a controversial view,advanced
transmute,verb,"change or alter in form, appearance, or nature",advanced
trenchant,adjective,"characterized by or full of force and vigor; having keenness and forcefulness and penetration in thought, expression, or intellect",advanced
truculence,noun,defiant aggressiveness,advanced
truculent,adjective,"having a fierce, savage nature",advanced
turgid,adjective,(of language) pompous and tedious,advanced
turpitude,noun,depravity; a depraved act,advanced
tyro,noun,someone new to a field or activity,advanced
umbrage,noun,a feeling of anger caused by being offended,advanced
unassailable,adjective,immune to attack; without flaws,advanced
unflappable,adjective,not easily perturbed or excited or upset; marked by extreme calm and composure,advanced
unforthcoming,adjective,"uncooperative, not willing to give up information",advanced
unimpeachable,adjective,free of guilt; not subject to blame; beyond doubt or reproach,advanced
unprepossessing,adjective,creating an unfavorable or neutral first impression,advanced
unpropitious,adjective,(of a circumstance) with little chance of success,advanced
unstinting,adjective,very generous,advanced
untenable,adjective,(of theories etc) incapable of being defended or justified,advanced
untoward,adjective,unfavorable; inconvenient,advanced
untrammeled,adjective,not confined or limited,advanced
unviable,adjective,"not able to work, survive, or succeed (also spelled inviable).",advanced
vaunted,adjective,highly or widely praised or boasted about,advanced
venial,adjective,easily excused or forgiven; pardonable,advanced
verisimilitude,noun,the appearance of truth,advanced
veritable,adjective,"truthfully, without a doubt",advanced
vicissitude,noun,"change in one's circumstances, usually for the worse",advanced
vitriol,noun,abusive or venomous language used to express blame or bitter deep-seated ill will,advanced
vitriolic,adjective,harsh or corrosive in tone,advanced
vituperate,adjective,to criticize harshly; to berate,advanced
zeitgeist,noun,spirit of the times,advanced
aberrant,adjective,markedly different from an accepted norm,common
aberration,noun,a deviation from what is normal or expected,common
abstain,verb,choose not to consume or take part in (particularly something enjoyable),common
abstruse,adjective,difficult to understand; incomprehensible,common
accolade,noun,an award or praise granted as a special honor,common
acerbic,adjective,harsh in tone,common
acrimony,noun,bitterness and ill will,common
adamant,adjective,refusing to change one's mind,common
admonish,verb,"to warn strongly, even to the point of reprimanding",common
admonitory,adjective,serving to warn; expressing reproof or reproach especially as a corrective,common
aesthete,noun,one who professes great sensitivity to the beauty of art and nature,common
aesthetic,adjective,concerned with the appreciation of beauty,common
aesthetic,noun,a set of principles underlying and guiding the work of a particular artist or artistic movement.,common
amalgam,noun,a mixture of multiple things,common
ambiguous,adjective,open to more than one interpretation,common
ambivalent,adjective,mixed or conflicting emotions about something,common
ameliorate,verb,make something bad better,common
amenable,adjective,easily persuaded,common
amorphous,adjective,shapeless,common
anomalous,adjective,not normal,common
anomaly,noun,"something that is not normal, standard, or expected",common
antipathy,noun,an intense feeling of dislike or aversion,common
antithetical,adjective,sharply contrasted in character or purpose,common
apathetic,adjective,marked by a lack of interest,common
apathy,noun,an absence of emotion or enthusiasm,common
apocryphal,adjective,being of questionable authenticity,common
appease,verb,pacify by acceding to the demands of,common
arbitrary,adjective,"based on a random, groundless decision",common
arcane,adjective,requiring secret or mysterious knowledge,common
arduous,adjective,demanding considerable mental effort and skill; testing powers of endurance,common
artful,adjective,exhibiting artistic skill,common
artful,adjective,clever in a cunning way,common
ascetic,adjective,practicing self-denial,common
ascetic,noun,one who practices great self-denial,common
askance,adverb,with a look of suspicion or disapproval,common
audacious,adjective,willing to be bold in social situations or to take risks,common
audacity,noun,aggressive boldness in social situations,common
auspicious,adjective,"favorable, the opposite of sinister",common
austere,adjective,practicing self-denial,common
austere,adjective,unadorned in style or appearance,common
austere,adjective,harsh in manner of temperament,common
avaricious,adjective,excessively greedy,common
banal,adjective,repeated too often; overfamiliar through overuse,common
banality,noun,a trite or obvious remark,common
belie,verb,to give a false representation to; misrepresent,common
belligerent,adjective,characteristic of one eager to fight,common
betray,verb,"to reveal or make known something, usually unintentionally",common
blatant,adjective,without any attempt at concealment; completely obvious,common
bolster,verb,support and strengthen,common
brazen,adjective,unrestrained by convention or propriety,common
bucolic,adjective,relating to the pleasant aspects of the country,common
bumbling,adjective,"lacking physical movement skills, especially with the hands",common
burgeon,verb,grow and flourish,common
calumny,noun,making of a false statement meant to injure a person's reputation,common
capricious,adjective,determined by chance or impulse or whim rather than by necessity or reason,common
castigate,verb,to reprimand harshly,common
censure,verb,to express strong disapproval,common
chastise,verb,to reprimand harshly,common
chortle,verb,"to chuckle, laugh merrily",common
circumscribe,verb,restrict or confine,common
circumvent,verb,cleverly find a way out of one's duties or obligations,common
commensurate,adjective,to be in proportion or corresponding in degree or amount,common
concede,verb,acknowledge defeat,common
concede,verb,admit (to a wrongdoing),common
concede,verb,give over; surrender or relinquish to the physical control of another,common
confound,verb,be confusing or perplexing to,common
confound,verb,mistake one thing for another,common
conspicuous,adjective,without any attempt at concealment; completely obvious,common
constituent,noun,a citizen who is represented in a government by officials for whom he or she votes,common
constituent,noun,an abstract part of something,common
construe,verb,interpreted in a particular way,common
contingent,noun,a gathering of persons representative of some larger group,common
contingent,adjective,possible but not certain to occur,common
contrition,noun,the feeling of remorse or guilt that comes from doing something bad,common
contrive,verb,"to pull off a plan or scheme, usually through skill or trickery",common
copious,adjective,in abundant supply,common
craven,adjective,pathetically cowardly,common
cryptic,adjective,"mysterious or vague, usually intentionally",common
culminate,verb,reach the highest or most decisive point,common
culpability,noun,a state of guilt,common
decorous,adjective,characterized by good taste in manners and conduct,common
decorum,noun,propriety in manners and conduct,common
deferential,adjective,showing respect,common
deleterious,adjective,harmful to living things,common
delineate,verb,describe in detail,common
demur,verb,to object or show reluctance,common
denigrate,verb,charge falsely or with malicious intent; attack the good name and reputation of someone,common
denote,verb,be a sign or indication of; have as a meaning,common
derivative,adjective,"(or a creative product, e.g. music, writing, etc.) not original but drawing on the work of another person",common
derive,verb,"come from; be connected by a relationship of blood, for example",common
derive,verb,reason by deduction; establish by deduction,common
dictatorial,adjective,expecting unquestioning obedience; characteristic of an absolute ruler,common
didactic,adjective,instructive (especially excessively),common
diffident,adjective,showing modest reserve; lacking self-confidence,common
dilatory,adjective,wasting time,common
dilettante,noun,an amateur who engages in an activity without serious intentions and who pretends to have knowledge,common
disaffected,adjective,discontented as toward authority,common
discrete,adjective,constituting a separate entity or part,common
disinterested,adjective,unbiased; neutral,common
dispassionate,adjective,unaffected by strong emotion or prejudice,common
disseminate,verb,cause to become widely known,common
dogmatic,adjective,"highly opinionated, not accepting that your belief may not be correct",common
duress,noun,compulsory force or threat,common
eclectic,adjective,comprised of a variety of styles,common
economical,adjective,"avoiding waste, efficient",common
edifying,adjective,enlightening or uplifting so as to encourage intellectual or moral improvement,common
efficacious,adjective,producing the intended result,common
egregious,adjective,standing out in negative way; shockingly bad,common
elicit,verb,"call forth (emotions, feelings, and responses)",common
elucidate,verb,make clearer and easier to understand,common
eminent,adjective,standing above others in quality or position,common
enervate,verb,to sap energy from,common
engender,verb,give rise to,common
entrenched,adjective,fixed firmly or securely,common
ephemeral,adjective,lasting a very short time,common
equivocal,adjective,confusing or ambiguous,common
eradicate,verb,to completely destroy,common
erudite,adjective,having or showing profound knowledge,common
eschew,verb,avoid and stay away from deliberately; stay clear of,common
esoteric,adjective,confined to and understandable by only an enlightened inner circle,common
espouse,verb,to adopt or support an idea or cause,common
exacerbate,verb,make worse,common
exacting,adjective,requiring and demanding accuracy,common
exalt,verb,praise or glorify,common
exonerate,verb,pronounce not guilty of criminal charges,common
expound,verb,add details or explanation; clarify the meaning; state in depth,common
extant,adjective,the opposite of extinct,common
fallacious,adjective,of a belief that is based on faulty reasoning,common
fastidious,adjective,overly concerned with details; fussy,common
flux,noun,a state of uncertainty about what should be done (usually following some important event),common
foment,verb,try to stir up public opinion,common
forlorn,adjective,marked by or showing hopelessness,common
forthcoming,adjective,available when required or as promised,common
forthcoming,adjective,at ease in talking to others,common
fortuitous,adjective,occurring by happy chance; having no cause or apparent cause,common
frivolous,adjective,not serious in content or attitude or behavior,common
frugal,adjective,not spending much money (but spending wisely),common
frustrate,verb,"hinder or prevent (the efforts, plans, or desires) of",common
furtive,adjective,marked by quiet and caution and secrecy; taking pains to avoid being observed,common
gainsay,verb,deny or contradict; speak against or oppose,common
gall,noun,the trait of being rude and impertinent,common
gall,noun,feeling of deep and bitter anger and ill-will,common
galvanize,verb,to excite or inspire (someone) to action,common
garrulous,adjective,full of trivial conversation,common
gauche,adjective,lacking social polish,common
germane,adjective,relevant and appropriate,common
glut,noun,an excessive supply,common
glut,verb,supply with an excess of,common
gossamer,adjective,characterized by unusual lightness and delicacy,common
gregarious,adjective,to be likely to socialize with others,common
guileless,adjective,free of deceit,common
hackneyed,adjective,lacking significance through having been overused,common
haphazard,adjective,marked by great carelessness; dependent upon or characterized by chance,common
harangue,noun,a long pompous speech; a tirade,common
harangue,verb,to deliver a long pompous speech or tirade,common
harried,adjective,troubled persistently especially with petty annoyances,common
haughty,adjective,having or showing arrogant superiority to and disdain of those one views as unworthy,common
hegemony,adjective,dominance over a certain area,common
heretic,noun,a person who holds unorthodox opinions in any field (not merely religion),common
iconoclast,noun,somebody who attacks cherished beliefs or institutions,common
iconoclastic,adjective,defying tradition or convention,common
idiosyncrasy,noun,a behavioral attribute that is distinctive and peculiar to an individual,common
ignoble,adjective,dishonorable,common
ignominious,adjective,(used of conduct or character) deserving or bringing disgrace or shame,common
immutable,adjective,not able to be changed,common
impartial,adjective,free from undue bias or preconceived opinions,common
impertinent,adjective,being disrespectful; improperly forward or bold,common
implacable,adjective,incapable of making less angry or hostile,common
implausible,adjective,describing a statement that is not believable,common
imprudent,adjective,not wise,common
impudent,adjective,improperly forward or bold,common
incisive,adjective,having or demonstrating ability to recognize or draw fine distinctions,common
incongruous,adjective,lacking in harmony or compatibility or appropriateness,common
incorrigible,adjective,impervious to correction by punishment,common
indecorous,adjective,not in keeping with accepted standards of what is right or proper in polite society,common
indifference,noun,the trait of seeming not to care,common
inexorable,adjective,impossible to stop or prevent,common
ingenuous,adjective,to be nave and innocent,common
ingratiate,verb,gain favor with somebody by deliberate efforts,common
inimical,adjective,hostile (usually describes conditions or environments),common
innocuous,adjective,"harmless and doesn""t produce any ill effects",common
inscrutable,adjective,not easily understood; unfathomable,common
insidious,adjective,working in a subtle but destructive way,common
insolent,adjective,rude and arrogant,common
intimate,verb,to suggest something subtly,common
intransigent,adjective,unwilling to change one's beliefs or course of action,common
intrepid,adjective,fearless,common
inveterate,adjective,habitual,common
involved,adjective,"complicated, and difficult to comprehend",common
irrevocable,adjective,incapable of being retracted or revoked,common
itinerant,adjective,traveling from place to place to work,common
jingoism,noun,fanatical patriotism,common
jovial,adjective,full of or showing high-spirited merriment,common
jubilant,adjective,full of high-spirited delight because of triumph or success,common
juxtapose,verb,place side by side,common
laconic,adjective,one who says very few words,common
lambast,verb,criticize severely or angrily,common
languid,adjective,not inclined towards physical exertion or effort; slow and relaxed,common
largess,noun,extreme generosity and giving,common
laudable,adjective,worthy of high praise,common
lionize,verb,assign great social importance to,common
magnanimous,adjective,"noble and generous in spirit, especially towards a rival or someone less powerful",common
maintain,verb,to assert,common
maladroit,adjective,clumsy,common
maverick,noun,someone who exhibits great independence in thought and action,common
mawkish,adjective,overly sentimental to the point that it is disgusting,common
mendacity,noun,the tendency to be untruthful,common
mercurial,adjective,(of a person) prone to unexpected and unpredictable changes in mood,common
meticulous,adjective,marked by extreme care in treatment of details,common
misconstrue,verb,interpret in the wrong way,common
mitigate,verb,make less severe or harsh,common
mitigate,verb,lessen the severity of an offense,common
mollify,verb,to make someone angry less angry; placate,common
mundane,adjective,repetitive and boring; not spiritual,common
mundane,adjective,relating to the ordinary world,common
munificent,adjective,very generous,common
myopic,adjective,lacking foresight or imagination,common
myriad,noun,a large indefinite number,common
negligible,adjective,so small as to be meaningless; insignificant,common
nonplussed,verb,unsure how to act or respond,common
nuance,noun,a subtle difference in meaning or opinion or attitude,common
obscure,verb,make unclear,common
obscure,adjective,known by only a few,common
obsequious,adjective,attentive in an ingratiating or servile manner; attempting to win favor from influential people by flattery,common
opaque,adjective,not clearly understood or expressed,common
opulence,noun,wealth as evidenced by sumptuous living,common
ostentatious,adjective,intended to attract notice and impress others; tawdry or vulgar,common
ostracize,verb,exclude from a community or group,common
panache,noun,distinctive and stylish elegance,common
parochial,adjective,narrowly restricted in scope or outlook,common
parsimonious,adjective,extremely frugal; miserly,common
pedantic,adjective,marked by a narrow focus on or display of learning especially its trivial aspects,common
pedestrian,adjective,lacking imagination,common
pejorative,adjective,expressing disapproval (usu. refers to a term),common
perfidy,noun,an act of deliberate betrayal; a breach of a trust,common
pernicious,adjective,exceedingly harmful; working or spreading in a hidden and injurious way,common
petulant,adjective,easily irritated or annoyed,common
placate,verb,cause to be more favorably inclined; gain the good will of,common
platitude,noun,a trite or obvious remark,common
poignant,adjective,emotionally touching,common
polemic,noun,a strong verbal or written attack on someone or something.,common
posit,verb,assume as fact,common
pragmatic,adjective,guided by practical experience and observation rather than theory,common
precipitous,adjective,done with very great haste and without due deliberation,common
preclude,verb,keep from happening or arising; make impossible,common
precocious,adjective,characterized by or characteristic of exceptionally early development or maturity (especially in mental aptitude),common
predilection,noun,a strong liking,common
prescience,noun,the power to foresee the future,common
prevaricate,verb,to speak in an evasive way,common
prodigal,adjective,rashly or wastefully extravagant,common
prodigious,adjective,so great in size or force or extent as to elicit awe,common
profligate,adjective,spending money recklessly or wastefully,common
profligate,noun,someone who spends money recklessly or wastefully,common
prolific,adjective,intellectually productive,common
propitious,adjective,presenting favorable circumstances; likely to result in or show signs of success,common
provincial,adjective,characteristic of the a limited perspective; not fashionable or sophisticated,common
pundit,noun,someone who has been admitted to membership in a scholarly field,common
qualify,adjective,to be legally competent or capable,common
qualify,verb,to make less severe; to limit (a statement),common
querulous,adjective,habitually complaining,common
quotidian,adjective,found in the ordinary course of events,common
ravenous,adjective,extremely hungry; devouring or craving food in great quantities,common
rebuke,verb,criticize severely or angrily; censure,common
reconcile,verb,make (one thing) compatible with (another),common
recondite,adjective,difficult to penetrate; incomprehensible to one of ordinary understanding or knowledge,common
refractory,adjective,stubbornly resistant to authority or control,common
refute,verb,prove to be false or incorrect,common
reproach,verb,to express criticism towards,common
repudiate,verb,reject as untrue or unfounded,common
rescind,verb,cancel officially,common
restive,adjective,restless,common
resurgent,adjective,rising again as to new life and vigor,common
reticent,adjective,reluctant to draw attention to yourself; temperamentally disinclined to talk,common
reverent,adjective,feeling or showing profound respect or veneration,common
rudimentary,adjective,being in the earliest stages of development; being or involving basic facts or principles,common
rustic,adjective,characteristic of rural life; awkwardly simple and provincial,common
sanction,verb,give authority or permission to,common
sanction,noun,a legal penalty for a forbidden action,common
scrupulous,adjective,characterized by extreme care and great effort,common
scrupulous,adjective,having a sense of right and wrong; principled,common
soporific,adjective,inducing mental lethargy; sleep inducing,common
specious,adjective,based on pretense; deceptively pleasing,common
specious,adjective,plausible but false,common
sporadic,adjective,recurring in scattered and irregular or unpredictable instances,common
spurious,adjective,plausible but false,common
staunch,adjective,firm and dependable especially in loyalty,common
stringent,adjective,demanding strict attention to rules and procedures,common
subsume,verb,contain or include,common
subsume,verb,consider (an instance of something) as part of a general rule or principle,common
subversive,adjective,in opposition to a civil authority or government,common
sullen,adjective,showing a brooding ill humor,common
superfluous,adjective,serving no useful purpose,common
superfluous,adjective,"more than is needed, desired, or required",common
supplant,verb,take the place or move into the position of,common
sycophant,noun,a person who tries to please someone in order to gain a personal advantage,common
taciturn,adjective,habitually reserved and uncommunicative,common
tantamount,adjective,being essentially equal to something,common
temperance,noun,the trait of avoiding excesses,common
tempered,adjective,moderated in effect,common
tenacious,adjective,stubbornly unyielding,common
timorous,adjective,timid by nature or revealing fear and nervousness,common
torpor,noun,inactivity resulting from lethargy and lack of vigor or energy,common
tortuous,adjective,marked by repeated turns and bends; not straightforward,common
tractable,adjective,readily reacting to suggestions and influences; easily managed (controlled or taught or molded),common
transient,adjective,lasting a very short time,common
travesty,noun,an absurd presentation of something; a mockery,common
treacherous,adjective,tending to betray,common
treacherous,adjective,dangerously unstable and unpredictable,common
trite,adjective,repeated too often; overfamiliar through overuse,common
truncate,verb,reduce the length of something,common
undermine,adjective,to weaken (usually paired with an abstract term),common
underscore,verb,give extra weight to (a communication),common
unequivocal,adjective,admitting of no doubt or misunderstanding; having only one meaning or interpretation and leading to only one conclusion,common
unscrupulous,adjective,without scruples or principles,common
upbraid,verb,to reproach; to scold,common
vacillate,verb,be undecided about something; waver between conflicting positions or courses of action,common
vehement,adjective,marked by extreme intensity of emotions or convictions,common
venality,noun,the condition of being susceptible to bribes or corruption,common
venerate,verb,to respect deeply,common
veracious,adjective,truthful,common
vilify,verb,spread negative information about,common
vindicate,verb,"to clear of accusation, blame, suspicion, or doubt with supporting arguments or proof",common
vociferous,adjective,conspicuously and offensively loud; given to vehement outcry,common
volubility,noun,the quality of talking or writing easily and continuously,common
wanting,adjective,lacking,common
winsome,adjective,charming in a childlike or naive way,common
